a0I1200000LSzYbEAL;Audio DSP Engineer;Redmond, WA;
a0I1H00000LCERcUAP;Computational Scientist Engineer;Menlo Park, CA;2018-08-13;
a0I1H00000LCBCRUA5;Core OS Manager;Seattle, WA;
a0I1H00000LByOIUA1;Core Software Systems Engineer;Menlo Park, CA;
a0I1200000LTNGxEAP;CV/ML Performance Engineer;Redmond, WA;
a0I1H00000LBhAzUAL;Engineering Manager, Home;Menlo Park, CA;2018-08-13;
a0I1H00000MoNQ2UAN;Engineering Manager, Oculus Social Platform;Menlo Park, CA;
a0I1H00000LJy00UAD;Engineering Manager, Social Characters;Menlo Park, CA;2018-08-13;
a0I1H00000LCHuvUAH;Graphics Engineer, Dash;Menlo Park, CA;2018-08-13;
a0I1H00000MoQ1zUAF;Input Experiences, Software Engineer;Seattle, WA;
a0I1200000LSuiLEAT;Lead VR Systems Engineer;Seattle, WA;2018-08-13;
a0I1200000LSLqNEAX;Optics Software Engineer;Redmond, WA;2018-08-13;
a0I1H00000LC5JDUA1;PC SDK Engineer, Social Characters;Menlo Park, CA;
a0I1200000LTb0CEAT;Product Manager, Home;Menlo Park, CA;
a0I1H00000LBnqAUAT;QA Lead;Seattle, WA;2018-08-13;
a0I1H00000LCMjaUAH;Research VR/AR Software Engineer, University Grad (Oculus) (Redmond);Redmond, WA;
a0I1H00000LCC3JUAX;Security Engineering Manager;Seattle, WA;
a0I1H00000LCHzmUAH;Security Software Engineer;Seattle, WA;
a0I1H00000K6sQ6UAJ;Software Developer;Redmond, WA;
a0I1H00000LJyiyUAD;Software Engineer for Mobile System Shell;Seattle, WA;
a0I1H00000MoTq8UAF;Software Engineer, Backend - Oculus Store;Los Angeles, CA;
a0I1H00000MoTq3UAF;Software Engineer, Backend - Oculus Store;Los Angeles, CA;
a0I1H00000MoPXfUAN;Software Engineer, Computer Vision;Menlo Park, CA;2018-08-13;
a0I1H00000LC024UAD;Software Engineer, Core Systems;Menlo Park, CA;
a0I1H00000LCQEGUA5;Software Engineer, Dash;Menlo Park, CA;2018-08-13;
a0I1H00000MoNBXUA3;Software Engineer, Development Tools;Menlo Park, CA;
a0I1200000LTQV6EAP;Software Engineer, Front-End, Marketing Engineering;Menlo Park, CA;2018-08-13;
a0I1H00000MoSBRUA3;Software Engineer, Front-End, Oculus Store;Los Angeles, CA;
a0I1H00000MoSBMUA3;Software Engineer, Front-End, Oculus Store;Los Angeles, CA;2018-08-13;
a0I1H00000LBpWZUA1;Software Engineer, Home;Menlo Park, CA;
a0I1H00000LC80yUAD;Software Engineer, Infrastructure;Menlo Park, CA;
a0I1H00000LCQMWUA5;Software Engineer, Mobile Core Engineering;Dallas, TX - Seattle, WA;
a0I1H00000LCUL0UAP;Software Engineer, Mobile, Oculus Companion App;Menlo Park, CA;2018-08-13;
a0I1H00000LJuwZUAT;Software Engineer, Oculus Avatars;London, United Kingdom;
a0I1H00000LCA7LUAX;Software Engineer, Rendering;Menlo Park, CA;
a0I1H00000LJmgDUAT;Software Engineer, Social Experience;London, United Kingdom;2018-08-13;
a0I1H00000LBin2UAD;Software Engineer, Social VR;London, United Kingdom;2018-08-13;
a0I1H00000LByFQUA1;Software Engineer, Social VR Platform;Dallas, TX;2018-08-13;
a0I1200000LSmFvEAL;Software Infrastructure/SDK Engineer;Redmond, WA;2018-08-13;
a0I1H00000K6o9TUAR;Software Program Manager;Zurich, Switzerland;2018-08-13;
a0I1H00000LJvyIUAT;Tech Lead Manager, Dash;Menlo Park, CA;2018-08-13;
a0I1H00000LCUKlUAP;Tech Lead, Oculus Companion App;Menlo Park, CA;2018-08-13;
a0I1H00000MoOnjUAF;Technical Writer;Menlo Park, CA;2018-08-13;
a0I1H00000LBpRbUAL;Windows System Software Engineer;Menlo Park, CA;2018-08-13;
a0I1H00000LCPnQUAX;Design Verification Engineer;Menlo Park, CA - Redmond, WA;2018-08-13;
a0I1H00000LCJOgUAP;Digital Systems Architect;Menlo Park, CA - Redmond, WA;
a0I1H00000LCJUrUAP;Electrical Engineer, Audio;Redmond, WA;
a0I1H00000LBj9zUAD;Firmware Engineer;Menlo Park, CA;
a0I1H00000LBj9uUAD;Hardware Engineer, Core Tech;Menlo Park, CA;
a0I1H00000LCUilUAH;Hardware Engineer, IMU;Redmond, WA;
a0I1200000JY6DfEAL;Manager, Display Engineering;Menlo Park, CA;
a0I1H00000LCNPyUAP;Mechanical Engineer, Audio;Redmond, WA;2018-08-13;
a0I1H00000LC2kMUAT;Optical Engineer;Redmond, WA;2018-08-13;
a0I1H00000LCXFxUAP;Optical Engineer, Testing;Redmond, WA;2018-08-13;
a0I1H00000LJxYhUAL;Optical Scientist, Physical Optics;Redmond, WA;2018-08-13;
a0I1H00000LTd5lUAD;Optical Systems Architect;Menlo Park, CA;
a0I1200000LTYwaEAH;Product Design Engineer;Seattle, WA;2018-08-13;
a0I1H00000LCFhvUAH;Prototyping Mechanical Engineer;Menlo Park, CA;
a0I1H00000LCED8UAP;Research Scientist, Graphics Pipeline Hardware;Menlo Park, CA - Redmond, WA;2018-08-13;
a0I1H00000LCDxyUAH;Research Scientist, Neural Network Research;Menlo Park, CA - Redmond, WA;2018-08-13;
a0I1H00000LBp2CUAT;Sensor Architect;Redmond, WA;2018-08-13;
a0I1H00000LCHZqUAP;SoC Architect;Menlo Park, CA;
a0I1H00000LCHa0UAH;VLSI Design Engineer;Menlo Park, CA;
a0I1H00000MoLHHUA3;Academic Relations Program Manager;Redmond, WA;2018-08-13;
a0I1H00000LC5gpUAD;Advanced Packaging Engineer;Cork, Ireland;2018-08-13;
a0I1200000JY84CEAT;Computer Vision Engineer;Redmond, WA;2018-08-13;
a0I1H00000K6qkoUAB;Computer Vision Engineer, (PhD University Grad);Menlo Park, CA;
a0I1H00000LCeqkUAD;Computer Vision Engineer, Eye Tracking (PhD University Grad);Menlo Park, CA;2018-08-13;
a0I1H00000MoLBkUAN;Computer Vision Research Engineer (PhD University Grad);Redmond, WA;2018-08-13;
a0I1H00000LCfNDUA1;Computer Vision Research Engineer (PhD University Grad);Redmond, WA;2018-08-13;
a0I1H00000LCHzNUAX;Core Systems Software Engineer;Redmond, WA;
a0I1H00000LCKpHUAX;Core Systems Software Engineer;Redmond, WA;
a0I1200000LSwyuEAD;Full Stack VR/AR Software Generalist-Research, Mobile;Redmond, WA;
a0I1H00000LCFnoUAH;Hardware Engineering Lead;Pittsburgh, PA;
a0I1H00000LBadKUAT;LED Hardware Engineer, Back-end Processing;Cork, Ireland;
a0I1200000JXmtuEAD;LED Hardware Engineer, Micro-assembly;Cork, Ireland;
a0I1H00000LC5gkUAD;LED Hardware Engineer, Test;Cork, Ireland;
a0I1H00000LC5gVUAT;LED Process Engineer;Cork, Ireland;
a0I1H00000LJz6jUAD;Manager, Technical Program Manager;Redmond, WA;
a0I1H00000LCGbvUAH;Material Scientist;Redmond, WA;
a0I1H00000LJvUOUA1;Mechanical Engineer, Soft Robotics;Redmond, WA;2018-08-13;
a0I1H00000LCChgUAH;Mechatronics Engineer;Redmond, WA;
a0I1H00000LJoKxUAL;ML Systems Research Scientist (PhD University Grad);Pittsburgh, PA;2018-08-13;
a0I1200000LSjmgEAD;Research Audio Software Engineer;Redmond, WA;
a0I1H00000LBmpUUAT;Research VR/AR Software Engineer;Redmond, WA;2018-08-13;
a0I1200000IMaWSEA1;Research VR/AR Software Engineer;Redmond, WA;2018-08-13;
a0I1H00000MoLBfUAN;Optical Scientist;Redmond, WA;2018-08-13;
a0I1H00000LCXOjUAP;Optical Scientist, Advanced Optics Design (PhD University Grad);Redmond, WA;
a0I1H00000LJwMMUA1;Optical Scientist, Geometric Optics (PhD University Grad);Redmond, WA;2018-08-13;
a0I1H00000LBuTGUA1;Optical Scientist, Nanofabrication;Redmond, WA;
a0I1H00000LCd3bUAD;Optical Scientist, Nanofabrication Plasma Processing;Redmond, WA;
a0I1H00000LCQHwUAP;Optical Scientist, Optical Design and Fabrication (PhD University Grad);Redmond, WA;2018-08-13;
a0I1200000KuluCEAR;Opto-Mechanical Engineer;Redmond, WA;
a0I1H00000LJzTeUAL;Postdoctoral Research Scientist, Computational Imaging Systems (PhD Univ Grad);Redmond, WA;2018-08-13;
a0I1H00000LBbKiUAL;Postdoctoral Research Scientist, Computational Imaging Systems (PhD Univ Grad);Redmond, WA;2018-08-13;
a0I1H00000LCWLFUA5;Postdoctoral Research Scientist, Computer Vision (PhD University Grad);Pittsburgh, PA;2018-08-13;
a0I1H00000LJt1ZUAT;Postdoctoral Research Scientist, Computer Vision (PhD University Grad);Pittsburgh, PA;
a0I1200000JXcO4EAL;Postdoctoral Research Scientist, Computer Vision (PhD University Grad);Redmond, WA;
a0I1200000JXoAKEA1;Postdoctoral Research Scientist, Computer Vision (PhD University Grad);Sausalito, CA;
a0I1H00000MoHJoUAN;Postdoctoral Research Scientist, Graphics;Redmond, WA;
a0I1H00000LBiRGUA1;Postdoctoral Research Scientist, Haptic Perception (PhD University Grad);Redmond, WA;
a0I1H00000MoIl9UAF;Postdoctoral Research Scientist, Intelligent Vision System (PhD University Grad);Redmond, WA;2018-08-13;
a0I1200000IMakrEAD;Postdoctoral Research Scientist, LED Device Fabrication &amp; Characterization;2018-08-13;
a0I1H00000K6oO8UAJ;Postdoctoral Research Scientist, Perceptual Human Factors (PhD University Grad);Redmond, WA;2018-08-13;
a0I1H00000LJt1yUAD;Postdoctoral Research Scientist, Real-Time Multi-Sensor Integration;Pittsburgh, PA;2018-08-13;
a0I1H00000MoUDQUA3;Postdoctoral Research Scientist, SLAM/Tracking (PhD University Grad);Redmond, WA;
a0I1H00000LBe5QUAT;Postdoctoral Research Scientist, Time of Flight Sensors (PhD University Grad);Redmond, WA;2018-08-13;
a0I1H00000LJm3gUAD;Postdoctoral Research Scientist, VR/AR Interactions;Redmond, WA;2018-08-13;
a0I1H00000MoTcLUAV;Process Engineer, Nanofabrication;Redmond, WA;
a0I1H00000LJrmsUAD;Process Integration Engineer, NPI;Cork, Ireland;
a0I1H00000LCJ5CUAX;Program Manager, NPI;Cork, Ireland;2018-08-13;
a0I1H00000LC4bzUAD;Project Engineer, Operations;Cork, Ireland;2018-08-13;
a0I1H00000LJm3MUAT;Research Engineer, Computer Vision - Prototyping Support (PhD University Grad);Redmond, WA;
a0I1200000LSmGFEA1;Research Engineer-Sensor Software (ARC);Redmond, WA;2018-08-13;
a0I1H00000LK0LJUA1;Research Scientist (Bodies), Computer Vision (PhD University Grad);Pittsburgh, PA;
a0I1H00000LJt1KUAT;Research Scientist, Acoustic Modeling (PhD University Grad);Pittsburgh, PA;
a0I1H00000LCJ4OUAX;Research Scientist, Eye Tracking (PhD University Grad);Redmond, WA;
a0I1H00000LCNonUAH;Research Scientist, Human Computer Interaction (PhD University Grad);Redmond, WA;
a0I1H00000LC4cnUAD;Research Scientist, III/V Compound Epitaxy Growth;Cork, Ireland;
a0I1H00000LCBrYUAX;Research Scientist, III/V Compound Epitaxy Materials Characterization;Cork, Ireland;2018-08-13;
a0I1H00000LBadPUAT;Research Scientist, LED Process Integration;Cork, Ireland;2018-08-13;
a0I1H00000LBpQTUA1;Research Scientist, Machine Learning &amp; Signal Processing;2018-08-13;
a0I1H00000LCChqUAH;Research Scientist, Numerical Simulation (PhD University Grad);Redmond, WA;2018-08-13;
a0I1H00000LC2JqUAL;Research Scientist, Physically-based Simulation for Virtual Humans;Sausalito, CA;
a0I1H00000LCHxCUAX;Research Scientist, Physiology (PhD University Grad);Redmond, WA;2018-08-13;
a0I1H00000LCBqlUAH;Research Scientist, Semiconductor Assembly and Packaging;Cork, Ireland;2018-08-13;
a0I1H00000LC4d2UAD;Research Scientist, Semiconductor Device Characterization;Cork, Ireland;2018-08-13;
a0I1H00000LCBrOUAX;Research Scientist, Semiconductor Device Modelling;Cork, Ireland;
a0I1H00000LJszTUAT;Research Scientist, Simulation (PhD University Grad);Pittsburgh, PA;
a0I1H00000MoL7MUAV;Research Scientist, SLAM/Tracking (PhD University Grad);Redmond, WA;
a0I1H00000LCNRfUAP;Research Scientist, Soft Robotics (PhD University Grad);Redmond, WA;2018-08-13;
a0I1H00000LCOxzUAH;Research Scientist, Vision Science (PhD University Grad);Redmond, WA;
a0I1H00000K6oOhUAJ;Sensor Technical Program Manager;Redmond, WA;2018-08-13;
a0I1H00000LBsTGUA1;State Estimation and Calibration Scientist, PhD University Grad;Redmond, WA;2018-08-13;
a0I1H00000LJkeXUAT;Technical Artist - Experiences (AR);Redmond, WA;2018-08-13;
a0I1H00000MoMAQUA3;Technical Artist - Experiences (AR);Redmond, WA;2018-08-13;
a0I1H00000MoMALUA3;Technical Artist - Research (VR);Redmond, WA;2018-08-13;
a0I1H00000LgnyRUAR;Technical Artist - Research (VR);Redmond, WA;2018-08-13;
a0I1H00000LJtQbUAL;Technical Program Manager;Redmond, WA;
a0I1H00000LCYHgUAP;Technical Program Manager;Redmond, WA;
a0I1H00000LCDGOUA5;Technical Program Manager (Optics);Redmond, WA;2018-08-13;
a0I1H00000LJsIDUA1;Technical Program Manager (Optics);Redmond, WA;2018-08-13;
a0I1H00000MoPktUAF;Technical Program Manager - Privacy;Redmond, WA;
a0I1H00000MoPm1UAF;Technical Program Manager - VR Systems;Seattle, WA;2018-08-13;
a0I1H00000LJrmnUAD;Test Engineer, NPI;Cork, Ireland;2018-08-13;
a0I1H00000LCMiwUAH;User &amp; Research Studies Program Manager;2018-08-13;
a0I1H00000LJt1jUAD;Vision Scientist;Menlo Park, CA;2018-08-13;
a0I1H00000LC0C2UAL;Visiting Professor (Graphics Pipeline Hardware Architecture);Redmond, WA;2018-08-13;
a0I1H00000LCDYrUAP;Environment Health and Safety Lead;Menlo Park, CA;2018-08-13;
a0I1H00000LCDZ1UAP;Laser Safety Lead;Redmond, WA;2018-08-13;
a0I1H00000LBqXtUAL;Network Engineer;Seattle, WA - Redmond, WA;
a0I1H00000LCKmcUAH;Product Quality Engineer;Menlo Park, CA;2018-08-13;
a0I1H00000LCULAUA5;Character Artist;Seattle, WA;2018-08-13;
a0I1H00000LJxYmUAL;Character Artist;Seattle, WA;
a0I1H00000LJw3UUAT;3D Artist;Menlo Park, CA;2018-08-13;
a0I1H00000LJnDQUA1;3D Generalist/Tech Artist;Menlo Park, CA;2018-08-13;
a0I1H00000LCCYWUA5;Content Strategist;Menlo Park, CA;
a0I1H00000LCPkgUAH;Copywriter;Menlo Park, CA;
a0I1H00000LJtWmUAL;Design Program Manager;Menlo Park, CA;2018-08-13;
a0I1H00000LCObrUAH;Marketing Art Director;Menlo Park, CA;2018-08-13;
a0I1H00000LBwl1UAD;Product Designer;Menlo Park, CA;
a0I1H00000LByNtUAL;Prototyper, Product Design;Menlo Park, CA;
a0I1H00000LJrBLUA1;Visual Designer;Menlo Park, CA;
a0I1H00000LCap6UAD;VR Gameplay Prototyping Engineer - Unity;Menlo Park, CA;2018-08-13;
a0I1200000LTWAIEA5;Developer Relations Engineer;Menlo Park, CA - Seattle, WA;2018-08-13;
a0I1H00000LC9UqUAL;Media Planning and Operations Lead (VR Venues);Menlo Park, CA;2018-08-13;
a0I1H00000LBlLOUA1;Research Intern,  Psychophysics (PhD University Student);Redmond, WA;2018-08-13;
a0I1H00000K6oPVUAZ;Research Intern,  Software Engineering (PhD University Student);Redmond, WA;2018-08-13;
a0I1H00000LBpXDUA1;Research Intern, Audio(Masters/PhD University Student);Redmond, WA;2018-08-13;
a0I1H00000LBz2nUAD;Research Intern, Cognitive Neuroscience (PhD University Student);Redmond, WA;2018-08-13;
a0I1200000LTXeaEAH;Research Intern, Cognitive Science;Redmond, WA;2018-08-13;
a0I1200000JXpPeEAL;Research Intern, Eye and Face Tracking;Redmond, WA;2018-08-13;
a0I1H00000K6oP1UAJ;Research Intern, Full Body Capture and Reconstruction (PhD University Student);Sausalito, CA;
a0I1H00000K6rmgUAB;Research Intern, Haptic Display Design and Control (PhD University Student);Redmond, WA;2018-08-13;
a0I1H00000LBlJ7UAL;Research Intern, Haptics (PhD University Student);Redmond, WA;2018-08-13;
a0I1H00000K6pxmUAB;Research Intern, Machine Perception;Redmond, WA;2018-08-13;
a0I1H00000LBlJ2UAL;Research Intern, Perception Engineering (PhD University Student);Redmond, WA;2018-08-13;
a0I1H00000LBkwTUAT;Research Intern, Soft Robotics (Masters/PhD University Student);Redmond, WA;2018-08-13;
a0I1H00000LBv2UUAT;Research Intern, Tracking and Sensor Fusion (PhD University Student);Redmond, WA;2018-08-13;
a0I1H00000LC09oUAD;Research Intern, Wireless Systems;Redmond, WA;2018-08-13;
a0I1H00000MoSfyUAF;App Store Manager;Menlo Park, CA;2018-08-13;
a0I1H00000LCBD5UAP;AR/VR - Global Retail Business Analyst;Menlo Park, CA;2018-08-13;
a0I1H00000LCR3SUAX;AR/VR Software Engineer;Redmond, WA;
a0I1H00000LCeSxUAL;AR/VR Software Engineer;Redmond, WA;2018-08-13;
a0I1H00000LCeTlUAL;AR/VR Software Engineer, Eye Tracking;Redmond, WA;
a0I1H00000MoS8XUAV;AR/VR Software Engineer, Interaction Tracking;Redmond, WA;
a0I1H00000LJoOsUAL;Art Outsourcing Manager;Seattle, WA;2018-08-13;
a0I1H00000LCGTAUA5;Associate General Counsel, Oculus (Security, Regulatory and Social Products);Menlo Park, CA;2018-08-13;
a0I1H00000LJw4rUAD;Audio Systems Manager;Menlo Park, CA;
a0I1H00000LJvPiUAL;Battery Cell Engineer;Menlo Park, CA;2018-08-13;
a0I1H00000LJuNWUA1;CNC Prototyping Machinist;Redmond, WA;2018-08-13;
a0I1H00000LCeSsUAL;Communications Manager, AR/VR;Redmond, WA;
a0I1H00000LCRkjUAH;Communications Manager, PC Product;Menlo Park, CA;2018-08-13;
a0I1H00000MoIz9UAF;Compute Silicon Architect;Menlo Park, CA - Redmond, WA;2018-08-13;
a0I1H00000MoMqMUAV;Compute Silicon Architect;Menlo Park, CA - Redmond, WA;2018-08-13;
a0I1H00000MoOokUAF;Computer Vision Engineer;Pittsburgh, PA;
a0I1H00000LCgx7UAD;Computer Vision Engineer;Zurich, Switzerland;
a0I1H00000LCMFeUAP;Computer Vision Engineer;Menlo Park, CA;
a0I1H00000LCdGmUAL;Computer Vision Research Engineer, Interaction Tracking;Menlo Park, CA - Redmond, WA;
a0I1H00000LCWilUAH;Consumer Communications Manager, AR/VR;Menlo Park, CA;2018-08-13;
a0I1H00000LCMPZUA5;Consumer Device Engineer - Quality;Menlo Park, CA;
a0I1H00000LJlyAUAT;Consumer Device Engineer - Systems Integration &amp; Debugging;
a0I1H00000LJnDGUA1;Design Verification Engineer;Menlo Park, CA - Redmond, WA;
a0I1H00000LJnm8UAD;Design Verification Engineer;Menlo Park, CA - Redmond, WA;2018-08-13;
a0I1H00000LBqdfUAD;Developer Strategy, Games;Menlo Park, CA;2018-08-13;
a0I1H00000MoMXeUAN;DFx Manufacturing Engineer;Shanghai, China;
a0I1H00000LJrl6UAD;Digital Design Engineer;Menlo Park, CA - Redmond, WA;2018-08-13;
a0I1H00000LCeBIUA1;Digital Design Engineer;Menlo Park, CA - Redmond, WA;2018-08-13;
a0I1H00000LJoOdUAL;Digital Design Engineer;Menlo Park, CA - Redmond, WA;2018-08-13;
a0I1H00000LJzQOUA1;Electrical Engineer;Redmond, WA;2018-08-13;
a0I1H00000LCRI3UAP;Electrical Engineer;Redmond, WA;
a0I1H00000LJkeIUAT;Electrical Engineer (Analog and Power);Menlo Park, CA;2018-08-13;
a0I1H00000LJs3tUAD;Electrical Engineer (Hardware and FPGA);Menlo Park, CA;2018-08-13;
a0I1H00000LJnpeUAD;Electrical Engineer, AR Board Design;Redmond, WA;2018-08-13;
a0I1H00000LJkZQUA1;Electrical Engineer, AR Systems;Redmond, WA;2018-08-13;
a0I1H00000LJq6pUAD;Electrical Engineer, Compute Systems;Redmond, WA;2018-08-13;
a0I1H00000LglhwUAB;Electrical Engineer, Vision Systems;Redmond, WA;2018-08-13;
a0I1H00000LJvUnUAL;Engagement Product Manager;Redmond, WA;
a0I1H00000LCd4AUAT;Engineering Manager, Computer Vision;Zurich, Switzerland;
a0I1H00000LCMQdUAP;Engineering Manager, Computer Vision;Menlo Park, CA;
a0I1H00000LCHFQUA5;Executive Communications Director, AR/VR;Menlo Park, CA;2018-08-13;
a0I1H00000MoI7BUAV;Failure Analysis Engineer;Menlo Park, CA;2018-08-13;
a0I1H00000LCTjxUAH;Firmware Engineer;Redmond, WA;
a0I1H00000LCMPuUAP;Firmware Engineer;Menlo Park, CA - Redmond, WA;2018-08-13;
a0I1H00000MoMqHUAV;Firmware Engineer;Menlo Park, CA - Redmond, WA;2018-08-13;
a0I1H00000MoOoaUAF;Firmware Engineer;Redmond, WA;2018-08-13;
a0I1H00000LJnpyUAD;Firmware Engineer, AR Audio;Redmond, WA;
a0I1H00000LJkZ6UAL;Firmware Engineer, AR Systems;Redmond, WA;2018-08-13;
a0I1H00000MoNupUAF;Firmware Engineer, Interaction;Redmond, WA;2018-08-13;
a0I1H00000MoMGJUA3;Firmware Engineer, SLAM;Redmond, WA;
a0I1H00000LCerxUAD;FPGA Developer;Redmond, WA;
a0I1H00000LCThmUAH;Gameplay Engineer;Redmond, WA;
a0I1H00000LCPj6UAH;Graphics Drivers Software Engineer;Redmond, WA;2018-08-13;
a0I1H00000LCJcPUAX;Graphics Engineer - Streaming;Redmond, WA;
a0I1H00000LCTg2UAH;Graphics Researcher Software Engineer;Redmond, WA;2018-08-13;
a0I1H00000LCh2WUAT;Head of Calibration, Oculus Core Tech;Menlo Park, CA;2018-08-13;
a0I1H00000MoR4ZUAV;Interaction Designer - Experiences;Redmond, WA;2018-08-13;
a0I1H00000LCOBGUA5;Internal Communications Associate, AR/VR;Menlo Park, CA;2018-08-13;
a0I1H00000LgnLYUAZ;Layout Designer;Redmond, WA;2018-08-13;
a0I1H00000LJuN7UAL;Lead Social Platform Engineer;Seattle, WA;
a0I1H00000LJtmzUAD;Linux System Software Engineer â€“;Menlo Park, CA;2018-08-13;
a0I1H00000LCMoJUAX;Manager of Product Safety &amp; Compliance;2018-08-13;
a0I1H00000LJrmdUAD;Manager, Firmware Engineering;Redmond, WA;
a0I1H00000LJmf5UAD;Manager, Firmware Engineering;Redmond, WA;
a0I1H00000LCYq2UAH;Materials Researcher;Redmond, WA;2018-08-13;
a0I1H00000LJoKnUAL;Mechanical Engineer;Redmond, WA;
a0I1H00000LgnvEUAR;Mechanical Engineer;Menlo Park, CA;2018-08-13;
a0I1H00000LgldDUAR;Mechanical Engineer, Thermal &amp; Structural Analysis;2018-08-13;
a0I1H00000LCgYLUA1;Motion Capture Stage Manager;Redmond, WA;2018-08-13;
a0I1H00000LCTfaUAH;Optical Automation Engineer;Menlo Park, CA;2018-08-13;
a0I1H00000LJnDkUAL;Optical Engineer;Menlo Park, CA;
a0I1H00000MoMWqUAN;Optical Metrology Engineer;Menlo Park, CA;2018-08-13;
a0I1H00000MoMX5UAN;Optical Systems Integration Engineer;Menlo Park, CA;
a0I1H00000LCYnqUAH;Opto-Mechanical Engineer;Redmond, WA;
a0I1H00000LCgnuUAD;Opto-Mechanical Engineer;Menlo Park, CA;
a0I1H00000LCMyVUAX;Product Design Specialist;London, United Kingdom;
a0I1H00000LCMtcUAH;Product Designer;London, United Kingdom;
a0I1H00000LCYKMUA5;Product Manager, Oculus Browser;Seattle, WA;2018-08-13;
a0I1H00000LgnpCUAR;Product Manager, Oculus Home (Mobile);Menlo Park, CA;2018-08-13;
a0I1H00000LCO67UAH;Product Manager, Platform Services;Menlo Park, CA;2018-08-13;
a0I1H00000MoMWCUA3;Product Manager, Rift SDK;Menlo Park, CA;
a0I1H00000LJvaTUAT;Reference C-Model Developer;Menlo Park, CA - Redmond, WA;2018-08-13;
a0I1H00000LCfLnUAL;Research Manager - Machine Learning, Neural Networks;Redmond, WA;2018-08-13;
a0I1H00000LCYpxUAH;Research Scientist - Applied Machine Learning;Redmond, WA;
a0I1H00000LCKo4UAH;Research Scientist, Machine Learning and Graphics;Redmond, WA;
a0I1H00000MoPlhUAF;Research Scientist, Silicon;Redmond, WA;
a0I1H00000LCXLdUAP;Research Scientist, Silicon;Redmond, WA;2018-08-13;
a0I1H00000LCUOOUA5;Research Technical Program Manager;Redmond, WA;2018-08-13;
a0I1H00000LJzSvUAL;Safety &amp; Compliance Engineer;2018-08-13;
a0I1H00000LK04NUAT;Sales Operations Specialist;Menlo Park, CA;2018-08-13;
a0I1H00000LCffbUAD;Service Operations Engineer;Menlo Park, CA;
a0I1H00000LJnpoUAD;Silicon CAD Engineer;Menlo Park, CA - Redmond, WA;
a0I1H00000LCRdyUAH;Silicon Performance Architect;Redmond, WA;2018-08-13;
a0I1H00000MoKcyUAF;Silicon Power Architect;Menlo Park, CA - Redmond, WA;2018-08-13;
a0I1H00000LCRcdUAH;Silicon Security Architect;Redmond, WA;2018-08-13;
a0I1H00000LCZqIUAX;Site Technical Manager;;2018-08-13;
a0I1H00000LJoyyUAD;Software Engineer;Zurich, Switzerland;
a0I1H00000LCWZbUAP;Software Engineer, Automation;Zurich, Switzerland;
a0I1H00000MoUcgUAF;Software Engineer, Computer Vision, Interaction Tracking;Menlo Park, CA - Seattle, WA;
a0I1H00000MoUclUAF;Software Engineer, Engagement;Los Angeles, CA;2018-08-13;
a0I1H00000LCgoxUAD;Software Engineer, Graphics &amp; Rendering;
a0I1H00000LJrC4UAL;Software Engineer, Machine Learning;Zurich, Switzerland;
a0I1H00000LCYbrUAH;Software Engineer, Mobile &amp; Embedded Systems;2018-08-13;
a0I1H00000LJvyNUAT;Software Engineer, Oculus Studios;Menlo Park, CA;2018-08-13;
a0I1H00000LCeTvUAL;Software Engineer, Social Platform SDK;Seattle, WA;2018-08-13;
a0I1H00000LJrlGUAT;Strategic Sourcing Manager, Camera;Menlo Park, CA;
a0I1H00000LJrkcUAD;Strategic Sourcing Manager, Cameras/Projectors;Menlo Park, CA;2018-08-13;
a0I1H00000LCOy4UAH;Strategic Sourcing Manager, Electro Mechanical;Menlo Park, CA;2018-08-13;
a0I1H00000MoJYQUA3;Systems Engineer;Redmond, WA;
a0I1H00000LJur0UAD;Systems Engineer;Cork, Ireland;2018-08-13;
a0I1H00000LJkwMUAT;Systems Software Engineer;Menlo Park, CA;
a0I1H00000LJoOYUA1;Technical Program Manager;Redmond, WA;2018-08-13;
a0I1H00000LJkSpUAL;Technical Program Manager: Research Operations and External Partner Management;Redmond, WA;2018-08-13;
a0I1H00000MoK6XUAV;Test Instrumentation Program Manager;Menlo Park, CA;
a0I1H00000MoHIbUAN;Visual Designer, Graphics and Packaging;Menlo Park, CA;2018-08-13;
a0I1H00000LCeTMUA1;VLSI Design Engineer;Menlo Park, CA;2018-08-13;
a0I1H00000LCcyvUAD;Director of Product Marketing;Menlo Park, CA;
a0I1H00000LCBzJUAX;Global Retail Sales Lead;Menlo Park, CA;2018-08-13;
a0I1H00000LCBzdUAH;Global Retail Strategy Lead;Menlo Park, CA;2018-08-13;
a0I1H00000LJyVFUA1;Marketing Research Manager;Menlo Park, CA;
a0I1H00000LJyDzUAL;Social Marketing Manager;Menlo Park, CA;
a0I1200000LTZmfEAH;Automation Engineer, Mechatronics (University Grad);Zurich, Switzerland;2018-08-13;
a0I1H00000LCKRxUAP;Business Development Manager;Menlo Park, CA;2018-08-13;
a0I1H00000LCCMaUAP;Partnerships Manager, Oculus Research;Redmond, WA;2018-08-13;
a0I1H00000LJt23UAD;Communications Manager, AR/VR Games;Menlo Park, CA - Seattle, WA;2018-08-13;
a0I1H00000LBsTfUAL;Computer Vision Engineer;Menlo Park, CA - Redmond, WA - Sausalito, CA;2018-08-13;
a0I1H00000LC2nwUAD;Computer Vision Engineer, PhD University Grad;Zurich, Switzerland;
a0I1H00000LCYZbUAP;Engineering Manager, Human Understanding;Pittsburgh, PA;
a0I1H00000LJrnRUAT;Data Scientist, Insights and Growth;Menlo Park, CA;2018-08-13;
a0I1H00000LC4jkUAD;EMEA Recruitment Manager;Dublin, Ireland;2018-08-13;
a0I1200000LTaLYEA1;Technical Recruiter;Redmond, WA;2018-08-13;
a0I1H00000LCdarUAD;Technical Recruiter;Zurich, Switzerland;
a0I1H00000LBg1gUAD;Technical Sourcer;Redmond, WA;2018-08-13;
a0I1H00000LBadAUAT;Manufacturing Systems Engineer, Consumer Hardware;Hong Kong - Shanghai, China;
a0I1H00000LBeuxUAD;Manufacturing Systems Manager, Consumer Hardware;Hong Kong - Shanghai, China;
a0I1200000IMbwjEAD;Systems Engineer;Menlo Park, CA;
a0I1H00000LBoPRUA1;Mechanicals Metals, Supply Base Engineer;;2018-08-13;
a0I1H00000LJxryUAD;System Technical Program Manager;Menlo Park, CA;
a0I1H00000LCLSMUA5;Recommendations Software Technical Program Manager;Menlo Park, CA;2018-08-13;
a0I1H00000MoJR7UAN;Technical Program Manager (Audio);Redmond, WA;
a0I1H00000K6qWhUAJ;Technical Program Manager (Audio);Redmond, WA;
a0I1H00000MoIxNUAV;Technical Program Manager, Audio;Menlo Park, CA;2018-08-13;
a0I1200000KujuqEAB;Technical Program Manager, Human Understanding;Menlo Park, CA;
a0I1H00000MoL1aUAF;Technical Program Manager, Sensors;Menlo Park, CA;2018-08-13;
a0I1H00000LJoMPUA1;Product Manager, App Store;Los Angeles, CA;2018-08-13;
a0I1H00000LCWkhUAH;Product Manager, Controllers;Seattle, WA;
a0I1H00000LC0R7UAL;Product Manager, Coretech;Menlo Park, CA;
a0I1H00000LJzzSUAT;Product Manager, Developer Experience;Menlo Park, CA;2018-08-13;
a0I1H00000LJoLbUAL;Product Manager, Engagement;Los Angeles, CA;2018-08-13;
a0I1H00000K6q6QUAR;Product Manager, Hardware;Menlo Park, CA;
a0I1H00000LCdFoUAL;Product Manager, iOS/Android App;Los Angeles, CA;2018-08-13;
a0I1H00000LCdCsUAL;Product Manager, Rift Hardware;Menlo Park, CA;2018-08-13;
a0I1200000LT8o4EAD;Product Manager, VR;London, United Kingdom;2018-08-13;
a0I1H00000LCWoNUAX;Research Intern, Machine Learning - Audio (Masters/PhD University Student);Redmond, WA;2018-08-13;
a0I1H00000MoTbrUAF;Interaction Designer;Redmond, WA;2018-08-13;
a0I1H00000MoUK3UAN;Compression Silicon Architect;Menlo Park, CA - Redmond, WA;2018-08-13;
a0I1H00000MoUttUAF;CV/ML Research Scientist, Eye Tracking;Redmond, WA;
a0I1H00000MoVoXUAV;Silicon Program Manager;Menlo Park, CA;
a0I1H00000LBinWUAT;QA Lead;Menlo Park, CA;2018-08-13;
a0I1H00000LCe1mUAD;Product Manager - AR;Redmond, WA;2018-08-13;
a0I1H00000MoUtZUAV;Technical Program Manager, Platform SW;Los Angeles, CA;2018-08-13;
a0I1H00000MoWPLUA3;Imaging Pipeline Scientist;Menlo Park, CA;2018-08-13;
a0I1H00000LCYr0UAH;Marketing Program Manager, Oculus Connect;Menlo Park, CA;2018-08-13;
a0I1H00000MoWO3UAN;Electrical Engineer;Redmond, WA;2018-08-13;
a0I1H00000LCMimUAH;Hardware Engineer, Core Tech;Menlo Park, CA;2018-08-13;
a0I1H00000MoXLJUA3;Research Product Manager;Redmond, WA;2018-08-13;
a0I1H00000MoR4yUAF;UI Artist - Experiences;Redmond, WA;2018-08-13;
a0I1H00000MoS9kUAF;Gameplay Software Engineer;Seattle, WA;2018-08-13;
a0I1H00000MoYf0UAF;Lead Software Engineer, Companion App;Los Angeles, CA;2018-08-13;
a0I1H00000LCRlNUAX;PC SDK Engineer, Social Characters;Los Angeles, CA;
a0I1H00000MoZ4yUAF;Software Engineer, Automation R&amp;D;2018-08-13;
a0I1H00000MocvJUAR;Software Engineer, Computer Vision;Menlo Park, CA;2018-08-13;
a0I1H00000MoYelUAF;Software Engineer, Front-end, Companion App;Los Angeles, CA;
a0I1H00000MoYeWUAV;Software Engineer, Mobile Android, Companion App;Los Angeles, CA;
a0I1H00000MoYebUAF;Software Engineer, Mobile iOS, Companion App;Los Angeles, CA;
a0I1H00000MobkAUAR;Software Engineer, React VR;London, United Kingdom;
a0I1H00000MoW1AUAV;Research Scientist, Display and Sensor Modeling (PhD University Grad) (Redmond);Redmond, WA;
a0I1H00000MoctNUAR;Research Scientist, Machine Perception and Learning (PhD University Grad);Redmond, WA;2018-08-13;
a0I1H00000MoSgvUAF;Silicon Research Manager;Menlo Park, CA - Redmond, WA;2018-08-13;
a0I1H00000MoUJoUAN;Product Designer;Los Angeles, CA;2018-08-13;
a0I1H00000LCVXcUAP;AR/VR Software Engineer;Redmond, WA;
a0I1H00000MoaAyUAJ;Art Producer;Menlo Park, CA;2018-08-13;
a0I1H00000MoageUAB;Leadership Recruiter;Dublin, Ireland - London, United Kingdom - Zurich, Switzerland;
a0I1H00000MoagjUAB;Leadership Sourcer;Dublin, Ireland - London, United Kingdom - Zurich, Switzerland;
a0I1H00000MoZ4tUAF;Manager, Product Design Engineering;Menlo Park, CA;2018-08-13;
a0I1H00000MoZ58UAF;Mechanical Design Engineer;Menlo Park, CA;
a0I1H00000MocJyUAJ;Opto-Mechanical Engineer;Redmond, WA;
a0I1H00000MoMFQUA3;Social Platform Client Engineer;Seattle, WA;
a0I1H00000MoanLUAR;Social Platform Server Engineer;Seattle, WA;
a0I1H00000MocKXUAZ;UI Artist - Experiences;Redmond, WA;2018-08-13;
a0I1H00000MoYfFUAV;Director of AR/VR Partnerships;Menlo Park, CA;
a0I1H00000MobDfUAJ;Technical Program Manager, Battery;Menlo Park, CA;2018-08-13;
a0I1H00000MopnfUAB;Data Engineer, Oculus Insights and Analytics;Menlo Park, CA;
a0I1H00000ModX6UAJ;Graphics Engineer, Dash;Menlo Park, CA;
a0I1H00000MolEIUAZ;PC SDK Engineer;Menlo Park, CA;
a0I1H00000MogGBUAZ;Software Engineer Lead, Dash;Menlo Park, CA;
a0I1H00000MogcLUAR;Software Engineer, Dash;Menlo Park, CA;
a0I1H00000MogcVUAR;Software Engineer, Engine Integrations;Menlo Park, CA;
a0I1H00000MofLsUAJ;Camera and Depth Modules Lead;Redmond, WA;
a0I1H00000MotxaUAB;Optical Engineer, Testing;Redmond, WA;
a0I1H00000Mogt9UAB;Computer Vision Research Engineer (PhD University Grad);Menlo Park, CA - Redmond, WA;
a0I1H00000MoqpOUAR;Computer Vision Research Scientist, 3D Humans (PhD University Grad);Pittsburgh, PA;
a0I1H00000Mom8mUAB;Engineering Operations Manager, Research;Cork, Ireland;
a0I1H00000MouKVUAZ;Hardware Engineering Manager;Pittsburgh, PA;
a0I1200000JXw3fEAD;Lead Hardware Engineer, Test;Cork, Ireland;
a0I1H00000MokD0UAJ;Lead of Security &amp; Privacy (FRL);
a0I1H00000MoxwLUAR;Optical Scientist, Optical Components and Evaluation (PhD University Grad);Redmond, WA;2018-08-13;
a0I1H00000MoqpYUAR;Postdoctoral Research Scientist, Computer Vision (PhD University Grad);Pittsburgh, PA;
a0I1H00000MohwDUAR;Postdoctoral Research Scientist, Human Factors (PhD University Grad);Redmond, WA;2018-08-13;
a0I1H00000MonbwUAB;Process Engineer, Materials;Redmond, WA;2018-08-13;
a0I1H00000MohG2UAJ;Process Technician, LED Hardware;Cork, Ireland;
a0I1H00000MoqtOUAR;Research Scientist, LED Process Integration;Cork, Ireland;
a0I1H00000MosBrUAJ;Research Scientist, Neural Networks (PhD University Grad);Menlo Park, CA;
a0I1H00000Mp0mDUAR;State Estimation and Calibration Scientist (PhD University Grad) (Cork, Ireland);Cork, Ireland;2018-08-13;
a0I1H00000MomHzUAJ;Technical Artist - Experiences (AR);Redmond, WA;2018-08-13;
a0I1H00000MokoxUAB;Technical Program Manager;Pittsburgh, PA;2018-08-13;
a0I1H00000MokoiUAB;Technical Program Manager (AR);Pittsburgh, PA;
a0I1H00000MosPrUAJ;Technical Program Manager (Optics);Redmond, WA;
a0I1H00000MoftVUAR;User Research Lead;Redmond, WA;2018-08-13;
a0I1H00000LC19XUAT;User Researcher;Menlo Park, CA;
a0I1H00000MoP4nUAF;Project Manager ;Menlo Park, CA;
a0I1H00000MoedSUAR;Executive Producer;Menlo Park, CA;
a0I1H00000MoNgnUAF;Industrial Designer;Seattle, WA;
a0I1H00000MokAAUAZ;Level;Menlo Park, CA;2018-08-13;
a0I1H00000MokEcUAJ;AR;Redmond, WA;
a0I1H00000LCeTgUAL;AR;Redmond, WA;
a0I1H00000MomxsUAB;Compute Silicon Architect;Redmond, WA;
a0I1H00000MociNUAR;Computer Graphics Research Engineer, Interaction Tracking;Menlo Park, CA - Redmond, WA;
a0I1H00000MotP4UAJ;Computer Vision Engineer;Menlo Park, CA;2018-08-13;
a0I1H00000ModLyUAJ;Data Scientist, Oculus Computer Vision;Menlo Park, CA;
a0I1H00000LJnlAUAT;Depth Hardware Manager, Core Tech;Menlo Park, CA;
a0I1H00000MomEcUAJ;Electrical Engineer;Redmond, WA;
a0I1H00000MosPSUAZ;Electrical Engineer;Redmond, WA;
a0I1H00000MovC1UAJ;Electrical Engineer;Pittsburgh, PA;
a0I1H00000MoeAKUAZ;Electrical Engineer (Digital Systems) Core Tech;Menlo Park, CA;2018-08-13;
a0I1H00000MotVyUAJ;Electrical Engineer, Systems;Menlo Park, CA;
a0I1H00000MoYlsUAF;Electrical Engineering Manager;Redmond, WA;
a0I1H00000MomzmUAB;Engineering Manager, Operating Systems;Menlo Park, CA - Seattle, WA;
a0I1H00000MolHSUAZ;Firmware Engineer;Seattle, WA;
a0I1H00000MonaeUAB;Firmware Engineer, Interactions;Redmond, WA;
a0I1H00000Mow39UAB;Head of Building 8 Partnerships;Menlo Park, CA;
a0I1H00000Moj5uUAB;Leadership Recruiting Sourcing Manager, New Platforms;Menlo Park, CA - San Francisco, CA;
a0I1H00000Mof0tUAB;Machine Learning Engineer, Eye Tracking;Menlo Park, CA;
a0I1H00000MosRlUAJ;Mechanical Architect;Seattle, WA;
a0I1H00000MovBXUAZ;Mechanical Engineer;Pittsburgh, PA;
a0I1H00000MohzrUAB;Multiplayer Software Engineer, Home;Menlo Park, CA;
a0I1H00000MorcQUAR;Optical Process Engineer;Menlo Park, CA;
a0I1H00000MomJPUAZ;Opto-Mechanical Engineer;Redmond, WA;
a0I1H00000MocupUAB;Partner Engineer;Menlo Park, CA;
a0I1H00000MohVCUAZ;Partnerships Manager, Facebook Reality Labs;Redmond, WA;
a0I1H00000MomzwUAB;Product Design Specialist;Seattle, WA;2018-08-13;
a0I1H00000MotWTUAZ;Research Scientist, Audio AR;Redmond, WA;
a0I1H00000MouKLUAZ;Research Scientist, Hair;Pittsburgh, PA;2018-08-13;
a0I1H00000MokhIUAR;RF Antenna Engineer;Redmond, WA;2018-08-13;
a0I1H00000MotUkUAJ;RF Engineer;Menlo Park, CA;
a0I1H00000MorYQUAZ;Silicon Performance Architect;Redmond, WA;
a0I1H00000MotN7UAJ;Silicon Power Engineer;Redmond, WA;
a0I1H00000MooYJUAZ;Software Application Integration Engineer;Cork, Ireland;
a0I1H00000MorjzUAB;Software Engineer;Pittsburgh, PA;
a0I1H00000MonUnUAJ;Software Engineer;Redmond, WA;
a0I1H00000MohmIUAR;Software Engineer (Acoustic Modeling);Pittsburgh, PA;
a0I1H00000MorYBUAZ;Software Engineer (Analytics and Visualization);Pittsburgh, PA;
a0I1H00000MorjpUAB;Software Engineer (Firmware);Pittsburgh, PA;
a0I1H00000MorY6UAJ;Software Engineer (Infrastructure);Pittsburgh, PA;
a0I1H00000MorYGUAZ;Software Engineer (Tools);Pittsburgh, PA;
a0I1H00000MomtWUAR;Software Engineer - Depth Sensing;Menlo Park, CA;
a0I1H00000LCe9vUAD;Software Engineer - Graphics Cloud Streaming;Redmond, WA;
a0I1H00000MoocmUAB;Software Engineer - Graphics Compression;Redmond, WA;
a0I1H00000MokDKUAZ;Software Engineer - Graphics Compression Lead;Redmond, WA;2018-08-13;
a0I1H00000MonVPUAZ;Software Engineer - Physics;Redmond, WA;
a0I1H00000Mou2wUAB;Software Engineer, Machine Learning and Graphics;Redmond, WA;
a0I1H00000MozqJUAR;Strategic Sourcing Manager, Contract Manufacturing;Menlo Park, CA;2018-08-13;
a0I1H00000MolHXUAZ;System Architect, Hardware;Menlo Park, CA;2018-08-13;
a0I1H00000MoiYLUAZ;Systems Architect, Electrical;Menlo Park, CA;
a0I1H00000MorgnUAB;Technical Lead Manager;Pittsburgh, PA;
a0I1H00000MojNFUAZ;Core OS Technical Program Manager;Menlo Park, CA;
a0I1H00000MookqUAB;Core Tech Program Manager - Data;Menlo Park, CA;
a0I1H00000MoxvPUAR;Core Tech TPM - Visual Immersion;Menlo Park, CA;
a0I1H00000MolIaUAJ;Technical Program Manager, Hardware;Menlo Park, CA;
a0I1H00000MomsxUAB;Technical Program Manager, Platform SW;Los Angeles, CA;
a0I1H00000Mojx1UAB;Connect, Marketing Program Manager;Menlo Park, CA;2018-08-13;
a0I1H00000MompdUAB;EMEA Technical Recruiting Lead;London, United Kingdom;
a0I1H00000MollXUAR;FB+ Product Sourcer (Oculus, Building 8, Camera, and Social VR);London, United Kingdom;2018-08-13;
a0I1H00000Mok3yUAB;Technical Recruiter, FB+ (Oculus, Building 8, Camera, Social VR);London, United Kingdom;
a0I1H00000Mok43UAB;Technical Sourcer, FB+ (Oculus, Building 8, Camera, Social VR);London, United Kingdom;
a0I1H00000Moo3KUAR;Finance Manager, Facebook Reality Labs;Redmond, WA;
a0I1H00000Moo1iUAB;Financial Analyst, Facebook Reality Labs;Redmond, WA;
a0I1H00000MokirUAB;Product Manager, Core Tech;Menlo Park, CA;
a0I1H00000MojamUAB;Product Manager, First Experiences;Menlo Park, CA;2018-08-13;
a0I1H00000MoqKnUAJ;Postdoctoral Research Scientist, Perception Science  (PhD University Grad);Redmond, WA;
a0I1H00000Mp2YiUAJ;Technical Program Manager, Interaction Tracking;Redmond, WA;
a0I1H00000Mp1zHUAR;Hardware Systems Electrical Engineer FRL;Menlo Park, CA;
a0I1H00000MokA5UAJ;R&amp;D Manager, Optical Integration;
a0I1H00000Mopv7UAB;Silicon Packaging Engineer;Menlo Park, CA - Redmond, WA;2018-08-13;
a0I1H00000Mp1zWUAR;Gameplay Software Engineer;Seattle, WA;2018-08-13;
a0I1H00000Mp2ahUAB;Software Engineer;Menlo Park, CA;
a0I1H00000LCXOZUA5;Optical Scientist, Advanced Optics Design (PhD University Grad);Redmond, WA;
a0I1H00000LCVT2UAP;Optical Scientist, Nanofabrication Patterning (PhD University Grad);Redmond, WA;
a0I1H00000Mp439UAB;Postdoctoral Research Scientist, Reconstruction;Pittsburgh, PA;
a0I1H00000Mp4fLUAR;Research Engineer, Computer Vision and Machine Perception (PhD University Grad);Redmond, WA;
a0I1H00000LBmolUAD;Research Scientist, LED Device Nanofabrication (PhD University Grad);Redmond, WA;
a0I1H00000Mp59JUAR;Research Scientist, ML Systems (PhD University Grad);Pittsburgh, PA;
a0I1H00000MowsGUAR;Operations Lead;Menlo Park, CA;
a0I1H00000Mp1FTUAZ;Applied Scientist, AR Audio;Redmond, WA;
a0I1H00000Mp1OtUAJ;Developer Relations Engineer;Seattle, WA;
a0I1H00000Mp2WbUAJ;Digital Design Engineer - AR Graphics;Menlo Park, CA - Redmond, WA;
a0I1H00000Mofu9UAB;FB+ Product Recruiter (Oculus, Building 8, Camera, Social VR);London, United Kingdom;2018-08-13;
a0I1H00000Mp59OUAR;Firmware Engineer, University Grad;Menlo Park, CA - Seattle, WA;2018-08-13;
a0I1H00000MovH3UAJ;Mechanical Architect;Seattle, WA;2018-08-13;
a0I1H00000MovGtUAJ;Mechanical;Seattle, WA;
a0I1H00000MojZRUAZ;MEMS Engineer;Redmond, WA;
a0I1H00000MomytUAB;Optical Illumination Engineer;Menlo Park, CA;
a0I1H00000Mp1KFUAZ;Opto-Mechanical Engineer;Redmond, WA;
a0I1H00000Mp0l0UAB;Producer;Seattle, WA;2018-08-13;
a0I1H00000MovGyUAJ;Product Design Engineer;Seattle, WA;
a0I1H00000Mp20wUAB;Reference C-Model Developer;Menlo Park, CA - Redmond, WA;
a0I1H00000Mp2ZCUAZ;Research Scientist, Neural Network Research;Menlo Park, CA - Redmond, WA;
a0I1H00000Mp42zUAB;Research Scientist, Sensor System Architect and Modeling;Redmond, WA;
a0I1H00000MovEaUAJ;Silicon Process and Foundry Engineer;Menlo Park, CA - Redmond, WA;
a0I1H00000Mp2sCUAR;Software Engineer, Computer Vision;Zurich, Switzerland;
a0I1H00000Mp5bPUAR;Technical Sourcer;Zurich, Switzerland;
a0I1H00000Mp6StUAJ;Art Director;Menlo Park, CA;
a0I1H00000Mp5GAUAZ;Product Cost Manager, Contract Manufacturing Operations;Menlo Park, CA;
a0I1H00000Mp6BQUAZ;Product Specialist;Menlo Park, CA;2018-08-13;
a0I1H00000MpB8SUAV;Software Engineer, Computer Vision;Menlo Park, CA;
a0I1H00000MpDJxUAN;Computer Vision Engineer, (PhD University Grad);Menlo Park, CA;
a0I1H00000Mp7fiUAB;Optical Scientist, Advanced Optics Design;Redmond, WA;
a0I1H00000Mp8sfUAB;Optical Scientist, Liquid Crystal Optics  (PhD University Grad);Redmond, WA;
a0I1H00000Mp8KxUAJ;Optoelectronic Device Process Integration Engineer;Redmond, WA;
a0I1H00000MpC4cUAF;Packaging Engineer, Nanofabrication (Redmond);Redmond, WA;
a0I1H00000MpCs8UAF;Platform UX Director;Redmond, WA;
a0I1H00000Mp9MoUAJ;Research Scientist, Intelligent Vision Systems  (PhD University Grad);Redmond, WA;
a0I1H00000Mp20NUAR;Research Scientist, Visual Quality (PhD University Grad);Redmond, WA;
a0I1H00000MpAZTUA3;Technical Program Manager;Redmond, WA;
a0I1H00000MpB3xUAF;User Researcher;Redmond, WA;2018-08-13;
a0I1H00000MpCQjUAN;Digital Design Engineer;Menlo Park, CA - Redmond, WA;
a0I1H00000Mp8PHUAZ;Digital Design Engineer;Menlo Park, CA - Redmond, WA;
a0I1H00000MpB91UAF;EHS Design and Construction Lead;Menlo Park, CA - Seattle, WA - Redmond, WA;
a0I1H00000MpDEqUAN;Engineering Manager, Calibration;Zurich, Switzerland;
a0I1H00000Mp6X1UAJ;Graphics and Display Architect;Redmond, WA;
a0I1H00000MpDDTUA3;Optical Design Engineer;Menlo Park, CA;
a0I1H00000MpA0XUAV;Producer - Location Based Entertainment VR;Menlo Park, CA;
a0I1H00000MpBhUUAV;RF Antenna Engineer;Redmond, WA;
a0I1H00000MpBAOUA3;Software Engineer;Zurich, Switzerland;
a0I1H00000MpA2gUAF;Software Engineer Oculus, University Grad;Menlo Park, CA;2018-08-13;
a0I1H00000Mp8n2UAB;Software Engineer Oculus, University Grad;Menlo Park, CA;2018-08-13;
a0I1H00000MozpQUAR;Software Engineer, Machine Perception Research;Redmond, WA;
a0I1H00000Mp4LXUAZ;Technical Program Manager, Mixed Reality;Zurich, Switzerland;
a0I1H00000Mp6SZUAZ;Product Marketing Manager: Facebook Reality Labs;Redmond, WA;
a0I1H00000MpAZOUA3;Technical Recruiter, FB+ (AR;Cork, Ireland;
a0I1H00000Mp7ZDUAZ;Systems Engineer;Redmond, WA;
a0I1H00000MpGT0UAN;Machine Learning Engineer;Menlo Park, CA;
a0I1H00000MpFFHUA3;AR Systems Software Engineer;Redmond, WA;
a0I1H00000MpDK2UAN;Computer Vision Engineer, (PhD University Grad);Menlo Park, CA;
a0I1H00000MpDOyUAN;Imaging Pipeline Scientist (PhD University Grad);Menlo Park, CA;
a0I1H00000MpHyQUAV;Operating Systems Software Engineer;Menlo Park, CA;
a0I1H00000MpHyGUAV;Operating Systems Software Engineer;Redmond, WA;
a0I1H00000MpDOYUA3;Software Engineer, Computer Vision (PhD University Grad);Menlo Park, CA;
a0I1H00000MpFZtUAN;Product Marketing Manager;San Francisco, CA;
a0I1H00000MpFdVUAV;Advanced Manufacturing Engineer;Shanghai, China;
a0I1H00000MpFdfUAF;Advanced Manufacturing Engineer;Shanghai, China;
a0I1H00000MpDPDUA3;Architect, Computer Vision;Menlo Park, CA;
a0I1H00000Mp8P7UAJ;Computer Vision Engineer, Eye Tracking;Menlo Park, CA;
a0I1H00000MpGUxUAN;Digital Design Engineer;Menlo Park, CA - Redmond, WA;
a0I1H00000MpCxkUAF;Laboratory Engineering Manager;Redmond, WA;
a0I1H00000Mp9zbUAB;Mechanical Engineer, Interaction Tracking;Redmond, WA;
a0I1H00000MpDKCUA3;Optical Instrumentation Engineer;Menlo Park, CA;
a0I1H00000Mp9ypUAB;Packaging Engineer;Seattle, WA;
a0I1H00000MoxxEUAR;Reliability Engineer;Menlo Park, CA;
a0I1H00000MpCDdUAN;Reliability Engineer, Core Tech;Menlo Park, CA;
a0I1H00000MpCvCUAV;Research Science Manager ;Redmond, WA;
a0I1H00000MpHflUAF;Software Engineer, Front end, Oculus Web Marketing;Los Angeles, CA;
a0I1H00000MpFa8UAF;Supplier Quality Engineer - Display;Shanghai, China;
a0I1H00000MpGQjUAN;Technical Project Manager;Redmond, WA;
a0I1H00000Mp9Y7UAJ;Technical Program Manager, SW;Menlo Park, CA;
a0I1H00000MpJKYUA3;Reliability Engineer;Shanghai, China;
